"Race","Candidate","Party","Votes","PercentageOfTotalVotes","JurisdictionName"
"U.S. Senator","Michael Baumgartner","(Prefers Republican Party)",417141,30.07,"Federal"
"U.S. Senator","Will Baker","(Prefers Reform Party)",15005,1.08,"Federal"
"U.S. Senator","Chuck Jackson","(Prefers Republican Party)",25983,1.87,"Federal"
"U.S. Senator","Timmy (Doc) Wilson","(Prefers Democratic Party)",31817,2.29,"Federal"
"U.S. Senator","Art Coday","(Prefers Republican Party)",79727,5.75,"Federal"
"U.S. Senator","Maria Cantwell","(Prefers Democratic Party)",772058,55.66,"Federal"
"U.S. Senator","Glen (Stocky) R. Stockwell","(Prefers Republican Party)",25793,1.86,"Federal"
"U.S. Senator","Mike the Mover","(Prefers Republican Party)",19535,1.41,"Federal"
"Congressional District 1 - U.S. Representative","John Koster","(Prefers Republican Party)",67185,44.86,"Congressional"
"Congressional District 1 - U.S. Representative","Darcy Burner","(Prefers Democratic Party)",20844,13.92,"Congressional"
"Congressional District 1 - U.S. Representative","Darshan Rauniyar","(Prefers Democratic Party)",4134,2.76,"Congressional"
"Congressional District 1 - U.S. Representative","Laura Ruderman","(Prefers Democratic Party)",10582,7.07,"Congressional"
"Congressional District 1 - U.S. Representative","Suzan DelBene","(Prefers Democratic Party)",33670,22.48,"Congressional"
"Congressional District 1 - U.S. Representative","Steve Hobbs","(Prefers Democratic Party)",10279,6.86,"Congressional"
"Congressional District 1 - U.S. Representative","Larry Ishmael","(Prefers Independent Party)",3062,2.04,"Congressional"
"Congressional District 1 One Month Short Term - U.S. Representative","Brian Berry","(Prefers Democratic Party)",2796,1.77,"Congressional"
"Congressional District 1 One Month Short Term - U.S. Representative","Ruth Morrison","(Prefers Democrat Party)",1939,1.22,"Congressional"
"Congressional District 1 One Month Short Term - U.S. Representative","Laura Ruderman","(Prefers Democratic Party)",15463,9.76,"Congressional"
"Congressional District 1 One Month Short Term - U.S. Representative","J. Byron Holcomb","(Prefers Democratic Party)",1396,0.88,"Congressional"
"Congressional District 1 One Month Short Term - U.S. Representative","Darshan Rauniyar","(Prefers Democratic Party)",5143,3.25,"Congressional"
"Congressional District 1 One Month Short Term - U.S. Representative","John Koster","(Prefers Republican Party)",56631,35.76,"Congressional"
"Congressional District 1 One Month Short Term - U.S. Representative","Brian Sullivan","(Prefers Democratic Party)",4861,3.07,"Congressional"
"Congressional District 1 One Month Short Term - U.S. Representative","Steven J. Gerdes","(Prefers Republican Party)",4066,2.57,"Congressional"
"Congressional District 1 One Month Short Term - U.S. Representative","Bob Champion","(Prefers Independent Party)",2542,1.61,"Congressional"
"Congressional District 1 One Month Short Term - U.S. Representative","Suzan DelBene","(Prefers Democratic Party)",39620,25.02,"Congressional"
"Congressional District 1 One Month Short Term - U.S. Representative","Darcy Burner","(Prefers Democratic Party)",23902,15.09,"Congressional"
"Congressional District 2 - U.S. Representative","Mike Lapointe","(Prefers The 99% Party)",5806,4.17,"Congressional"
"Congressional District 2 - U.S. Representative","Dan Matthews","(Prefers Republican Party)",39956,28.71,"Congressional"
"Congressional District 2 - U.S. Representative","Eli Olson","(Prefers Republican Party)",3373,2.42,"Congressional"
"Congressional District 2 - U.S. Representative","Rick Larsen","(Prefers Democratic Party)",79632,57.21,"Congressional"
"Congressional District 2 - U.S. Representative","Glen S. Johnson","(States No Party Preference)",2289,1.64,"Congressional"
"Congressional District 2 - U.S. Representative","John C. W. Shoop","(Prefers The Republican Party)",8130,5.84,"Congressional"
"Congressional District 3 - U.S. Representative","Jaime Herrera Beutler","(Prefers Republican Party)",68603,56.51,"Congressional"
"Congressional District 3 - U.S. Representative","Jon T. Haugen","(Prefers Democratic Party)",45693,37.64,"Congressional"
"Congressional District 3 - U.S. Representative","Norma Jean Stevens","(States No Party Preference)",7108,5.85,"Congressional"
"Congressional District 4 - U.S. Representative","Mary Baechler","(Prefers Democratic Party)",27130,26.48,"Congressional"
"Congressional District 4 - U.S. Representative","Doc Hastings","(Prefers Republican Party)",60774,59.32,"Congressional"
"Congressional District 4 - U.S. Representative","Mohammad H. Said","(Prefers Democratic Party)",2958,2.89,"Congressional"
"Congressional District 4 - U.S. Representative","Jamie Wheeler","(Prefers Republican Party)",11581,11.3,"Congressional"
"Congressional District 5 - U.S. Representative","Ian Moody","(States No Party Preference)",4693,3.15,"Congressional"
"Congressional District 5 - U.S. Representative","Rich Cowan","(Prefers Democratic Party)",49406,33.12,"Congressional"
"Congressional District 5 - U.S. Representative","Randall L. Yearout","(Prefers Republican Party)",11894,7.97,"Congressional"
"Congressional District 5 - U.S. Representative","Cathy McMorris Rodgers","(Prefers Republican Party)",83186,55.76,"Congressional"
"Congressional District 6 - U.S. Representative","Jesse Young","(Prefers Republican Party)",18075,11.17,"Congressional"
"Congressional District 6 - U.S. Representative","Eric G. Arentz Jr.","(Prefers Independent Party)",4101,2.53,"Congressional"
"Congressional District 6 - U.S. Representative","Derek Kilmer","(Prefers Democratic Party)",86436,53.41,"Congressional"
"Congressional District 6 - U.S. Representative","Bill Driscoll","(Prefers Republican Party)",29602,18.29,"Congressional"
"Congressional District 6 - U.S. Representative","David (Ike) Eichner","(Prefers Republican Party)",7966,4.92,"Congressional"
"Congressional District 6 - U.S. Representative","Stephan Andrew Brodhead","(Prefers Republican Party)",1387,0.86,"Congressional"
"Congressional District 6 - U.S. Representative","Doug Cloud","(Prefers Republican Party)",14267,8.82,"Congressional"
"Congressional District 7 - U.S. Representative","Don Rivers","(Prefers Democratic Party)",2688,1.53,"Congressional"
"Congressional District 7 - U.S. Representative","Goodspaceguy","(Prefers Employmentwealth Party)",1387,0.79,"Congressional"
"Congressional District 7 - U.S. Representative","Scott Sutherland","(Prefers G.O.P. Party)",5573,3.17,"Congressional"
"Congressional District 7 - U.S. Representative","Andrew Hughes","(Prefers Democratic Party)",10340,5.88,"Congressional"
"Congressional District 7 - U.S. Representative","Jim McDermott","(Prefers Democratic Party)",124692,70.91,"Congressional"
"Congressional District 7 - U.S. Representative","Ron Bemis","(Prefers Republican Party)",26791,15.24,"Congressional"
"Congressional District 7 - U.S. Representative","Charles Allen","(Prefers Democratic Party)",4367,2.48,"Congressional"
"Congressional District 8 - U.S. Representative","Dave Reichert","(Prefers Republican Party)",66220,50.62,"Congressional"
"Congressional District 8 - U.S. Representative","Keith Swank","(Prefers Republican Party)",10942,8.36,"Congressional"
"Congressional District 8 - U.S. Representative","James Windle","(States No Party Preference)",5269,4.03,"Congressional"
"Congressional District 8 - U.S. Representative","Karen Porterfield","(Prefers Democratic Party)",37083,28.35,"Congressional"
"Congressional District 8 - U.S. Representative","Keith Arnold","(Prefers Democratic Party)",7144,5.46,"Congressional"
"Congressional District 8 - U.S. Representative","Ernest Huber","(Prefers Republican Party)",4165,3.18,"Congressional"
"Congressional District 9 - U.S. Representative","Adam Smith","(Prefers Democratic Party)",72868,61.16,"Congressional"
"Congressional District 9 - U.S. Representative","Jim Postma","(Prefers Republican Party)",27616,23.18,"Congressional"
"Congressional District 9 - U.S. Representative","Tom Cramer","(Prefers Democratic Party)",8376,7.03,"Congressional"
"Congressional District 9 - U.S. Representative","Dave Christie","(Prefers F.D.R. Democrat Party)",3659,3.07,"Congressional"
"Congressional District 9 - U.S. Representative","John Orlinski","(Prefers Republican Party)",6624,5.56,"Congressional"
"Congressional District 10 - U.S. Representative","Stan Flemming","(Prefers Republican Party)",19934,15.51,"Congressional"
"Congressional District 10 - U.S. Representative","Richard (Dick) Muri","(Prefers Republican Party)",36173,28.15,"Congressional"
"Congressional District 10 - U.S. Representative","Denny Heck","(Prefers Democratic Party)",51047,39.73,"Congressional"
"Congressional District 10 - U.S. Representative","Steve Hannon","(States No Party Preference)",3025,2.35,"Congressional"
"Congressional District 10 - U.S. Representative","Jennifer Ferguson","(Prefers Democratic Party)",14026,10.92,"Congressional"
"Congressional District 10 - U.S. Representative","Sue Gunn","(Prefers Prog Independent Party)",4292,3.34,"Congressional"
"Governor","Rob Hill","(Prefers Democratic Party)",45453,3.22,"State Executive"
"Governor","Rob McKenna","(Prefers Republican Party)",604872,42.9,"State Executive"
"Governor","Jay Inslee","(Prefers Democratic Party)",664534,47.13,"State Executive"
"Governor","James White","(Prefers Independent Party)",13764,0.98,"State Executive"
"Governor","Christian Joubert","(States No Party Preference)",10457,0.74,"State Executive"
"Governor","Shahram Hadian","(Prefers Republican Party)",46169,3.27,"State Executive"
"Governor","L. Dale Sorgen","(Prefers Independent Party)",9734,0.69,"State Executive"
"Governor","Max Sampson","(Prefers Republican Party)",8753,0.62,"State Executive"
"Governor","Javier O. Lopez","(Prefers Republican Party)",6131,0.43,"State Executive"
"Lt. Governor","Glenn Anderson","(Prefers Indep Republican Party)",229318,17.17,"State Executive"
"Lt. Governor","Brad Owen","(Prefers Democrat Party)",648110,48.51,"State Executive"
"Lt. Governor","James Robert Deal","(States No Party Preference)",53694,4.02,"State Executive"
"Lt. Governor","Bill Finkbeiner","(Prefers Republican Party)",352195,26.36,"State Executive"
"Lt. Governor","Dave T. Sumner IV","(Prefers Neopopulist Party)",6057,0.45,"State Executive"
"Lt. Governor","Mark Greene","(Prefers Democracy Indep. Party)",46534,3.48,"State Executive"
"Secretary of State","Jim Kastama","(Prefers Democratic Party)",185425,13.94,"State Executive"
"Secretary of State","David J. Anderson","(States No Party Preference)",44276,3.33,"State Executive"
"Secretary of State","Sam Wright","(Prefers The Human Rights Party)",20809,1.56,"State Executive"
"Secretary of State","Karen Murray","(Prefers Constitution Party)",50888,3.83,"State Executive"
"Secretary of State","Kathleen Drew","(Prefers Democratic Party)",289052,21.73,"State Executive"
"Secretary of State","Kim Wyman","(Prefers Republican Party)",528754,39.75,"State Executive"
"Secretary of State","Greg Nickels","(Prefers Democratic Party)",210832,15.85,"State Executive"
"State Treasurer","Jim McIntire","(Prefers Democratic Party)",925850,96.62,"State Executive"
"State Treasurer","Write-In: Sharon Hanek","(Prefers Republican Party)",32339,3.38,"State Executive"
"State Auditor","Troy Kelley","(Prefers Democratic Party)",291335,22.98,"State Executive"
"State Auditor","James Watkins","(Prefers Republican Party)",584444,46.09,"State Executive"
"State Auditor","Mark Miloscia","(Prefers Democratic Party)",123936,9.77,"State Executive"
"State Auditor","Craig Pridemore","(Prefers Democratic Party)",268220,21.15,"State Executive"
"Attorney General","Bob Ferguson","(Prefers Democratic Party)",685346,51.68,"State Executive"
"Attorney General","Reagan Dunn","(Prefers Republican Party)",506524,38.2,"State Executive"
"Attorney General","Stephen Pidgeon","(Prefers Republican Party)",134185,10.12,"State Executive"
"Commissioner of Public Lands","Stephen A. Sharon","(States No Party Preference)",92993,7.06,"State Executive"
"Commissioner of Public Lands","Peter J. Goldmark","(Prefers Democratic Party)",683448,51.88,"State Executive"
"Commissioner of Public Lands","Clint Didier","(Prefers Republican Party)",540907,41.06,"State Executive"
"Superintendent of Public Instruction","James Bauckman","",149370,13.24,"State Executive"
"Superintendent of Public Instruction","Randy I. Dorn","",634314,56.22,"State Executive"
"Superintendent of Public Instruction","Don Hansler","",104360,9.25,"State Executive"
"Superintendent of Public Instruction","John Patterson Blair","",67898,6.02,"State Executive"
"Superintendent of Public Instruction","Ronald L. (Ron) Higgins","",172331,15.27,"State Executive"
"Insurance Commissioner","John R. Adams","(Prefers Republican Party)",279052,21.52,"State Executive"
"Insurance Commissioner","Mike Kreidler","(Prefers Democratic Party)",712095,54.91,"State Executive"
"Insurance Commissioner","Scott Reilly","(Prefers Republican Party)",241377,18.61,"State Executive"
"Insurance Commissioner","Brian C. Berend","(Prefers Independent Party)",64303,4.96,"State Executive"
"Legislative District 1 - State Senator","Rosemary McAuliffe","(Prefers Democratic  Party)",13238,44.27,"Legislative"
"Legislative District 1 - State Senator","Guy Palumbo","(Prefers Democratic Party)",4048,13.54,"Legislative"
"Legislative District 1 - State Senator","Dawn McCravey","(Prefers Republican Party)",12619,42.2,"Legislative"
"Legislative District 1 - State Representative Pos. 1","Greg Rankich","(Prefers Democratic Party)",2567,8.91,"Legislative"
"Legislative District 1 - State Representative Pos. 1","Derek Stanford","(Prefers Democratic Party)",13388,46.47,"Legislative"
"Legislative District 1 - State Representative Pos. 1","Brian Travis","(Prefers Republican Party)",5129,17.8,"Legislative"
"Legislative District 1 - State Representative Pos. 1","Sandy Guinn","(Prefers Republican Party)",7726,26.82,"Legislative"
"Legislative District 1 - State Representative Pos. 2","Luis Moscoso","(Prefers Democratic Party)",19798,97.31,"Legislative"
"Legislative District 1 - State Representative Pos. 2","Write-In: Mark T. Davies","(States No Party Preference)",548,2.69,"Legislative"
"Legislative District 2 - State Senator","Randi Becker","(Prefers Republican Party)",9517,40.63,"Legislative"
"Legislative District 2 - State Senator","James E. Vaughn","(Prefers Republican Party)",4393,18.76,"Legislative"
"Legislative District 2 - State Senator","Bruce L. Lachney","(Prefers Democratic Party)",9512,40.61,"Legislative"
"Legislative District 2 - State Representative Pos. 1","Greg Hartman","(Prefers Democratic Party)",9477,41.24,"Legislative"
"Legislative District 2 - State Representative Pos. 1","Gary Alexander","(Prefers Republican Party)",13501,58.76,"Legislative"
"Legislative District 2 - State Representative Pos. 2","J.T. Wilcox","(Prefers Republican Party)",17880,100,"Legislative"
"Legislative District 3 - State Senator","Nancy McLaughlin","(Prefers G.O.P. Party)",9694,42.36,"Legislative"
"Legislative District 3 - State Senator","Andy Billig","(Prefers Democratic Party)",13190,57.64,"Legislative"
"Legislative District 3 - State Representative Pos. 1","Tim Benn","(Prefers G.O.P. Party)",4868,21.6,"Legislative"
"Legislative District 3 - State Representative Pos. 1","Marcus Riccelli","(Prefers Democratic Party)",6277,27.85,"Legislative"
"Legislative District 3 - State Representative Pos. 1","Bob Apple","(Prefers Democratic Party)",4086,18.13,"Legislative"
"Legislative District 3 - State Representative Pos. 1","Jon Snyder","(Prefers Democratic Party)",4317,19.15,"Legislative"
"Legislative District 3 - State Representative Pos. 1","Morgan Oyler","(Prefers Republican Party)",2993,13.28,"Legislative"
"Legislative District 3 - State Representative Pos. 2","Dave White","(Prefers Republican Party)",8494,37.59,"Legislative"
"Legislative District 3 - State Representative Pos. 2","Timm Ormsby","(Prefers Democratic Party)",14102,62.41,"Legislative"
"Legislative District 4 - State Senator","Mike Padden","(Prefers Republican  Party)",22626,100,"Legislative"
"Legislative District 4 - State Representative Pos. 1","Larry Crouse","(Prefers Republican Party)",22277,100,"Legislative"
"Legislative District 4 - State Representative Pos. 2","Matt Shea","(Prefers Republican Party)",18047,60.03,"Legislative"
"Legislative District 4 - State Representative Pos. 2","Amy C. Biviano","(Prefers Democratic Party)",12017,39.97,"Legislative"
"Legislative District 5 - State Senator","Brad Toft","(Prefers Republican Party)",13310,47.58,"Legislative"
"Legislative District 5 - State Senator","Mark Mullet","(Prefers Democratic Party)",14662,52.42,"Legislative"
"Legislative District 5 - State Representative Pos. 1","Jay Rodne","(Prefers Republican Party)",19775,100,"Legislative"
"Legislative District 5 - State Representative Pos. 2","Ryan Dean Burkett","(States No Party Preference)",1202,4.39,"Legislative"
"Legislative District 5 - State Representative Pos. 2","David Spring","(Prefers Democratic Party)",11526,42.09,"Legislative"
"Legislative District 5 - State Representative Pos. 2","Chad Magendanz","(Prefers Republican Party)",14654,53.52,"Legislative"
"Legislative District 6 - State Representative Pos. 1","Kevin Parker","(Prefers Republican Party)",21398,100,"Legislative"
"Legislative District 6 - State Representative Pos. 2","Jeff Holy","(Prefers Republican Party)",9680,31.17,"Legislative"
"Legislative District 6 - State Representative Pos. 2","Ben Oakley","(Prefers Republican Party)",5127,16.51,"Legislative"
"Legislative District 6 - State Representative Pos. 2","Dennis Dellwo","(Prefers Democratic Party)",12967,41.75,"Legislative"
"Legislative District 6 - State Representative Pos. 2","Larry Keller","(Prefers Republican Party)",3285,10.58,"Legislative"
"Legislative District 7 - State Representative Pos. 1","Shelly Short","(Prefers Republican Party)",25092,100,"Legislative"
"Legislative District 7 - State Representative Pos. 2","Robert (Bob) Wilson","(Prefers Republican Party)",10105,37.59,"Legislative"
"Legislative District 7 - State Representative Pos. 2","Joel Kretz","(Prefers Republican Party)",16775,62.41,"Legislative"
"Legislative District 8 - State Representative Pos. 1","Jay Clough","(Prefers Democratic Party)",8720,34.99,"Legislative"
"Legislative District 8 - State Representative Pos. 1","Brad Klippert","(Prefers Republican Party)",16203,65.01,"Legislative"
"Legislative District 8 - State Representative Pos. 2","Richard Reuther","(Prefers Democratic Party)",6035,24.16,"Legislative"
"Legislative District 8 - State Representative Pos. 2","Larry Haler","(Prefers Republican Party)",13663,54.7,"Legislative"
"Legislative District 8 - State Representative Pos. 2","Bob Parks","(Prefers Republican Party)",5278,21.13,"Legislative"
"Legislative District 9 - State Senator","Mark G. Schoesler","(Prefers G.O.P. Party)",18749,100,"Legislative"
"Legislative District 9 - State Representative Pos. 1","Susan Fagan","(Prefers Republican Party)",18669,100,"Legislative"
"Legislative District 9 - State Representative Pos. 2","Joe Schmick","(Prefers Republican  Party)",18722,100,"Legislative"
"Legislative District 10 - State Senator","Barbara Bailey","(Prefers Republican Party)",21301,53.23,"Legislative"
"Legislative District 10 - State Senator","Mary Margaret Haugen","(Prefers Democratic Party)",18717,46.77,"Legislative"
"Legislative District 10 - State Representative Pos. 1","Aaron Simpson","(Prefers Democratic Party)",15783,40.64,"Legislative"
"Legislative District 10 - State Representative Pos. 1","Norma Smith","(Prefers Republican Party)",23054,59.36,"Legislative"
"Legislative District 10 - State Representative Pos. 2","Dave Hayes","(Prefers Republican Party)",19543,51.63,"Legislative"
"Legislative District 10 - State Representative Pos. 2","Tom Riggs","(Prefers Democratic Party)",18309,48.37,"Legislative"
"Legislative District 11 - State Senator","Kristin Thompson","(Prefers Republican Party)",7126,32.62,"Legislative"
"Legislative District 11 - State Senator","Bob Hasegawa","(Prefers Democratic Party)",14720,67.38,"Legislative"
"Legislative District 11 - State Representative Pos. 1","Zack Hudgins","(Prefers Democratic Party)",12653,71.14,"Legislative"
"Legislative District 11 - State Representative Pos. 1","Jim Flynn","(Prefers Democratic Party)",5134,28.86,"Legislative"
"Legislative District 11 - State Representative Pos. 2","Steve Bergquist","(Prefers Democratic Party)",6074,28.04,"Legislative"
"Legislative District 11 - State Representative Pos. 2","Bobby Virk","(Prefers Democratic Party)",3040,14.03,"Legislative"
"Legislative District 11 - State Representative Pos. 2","Stephanie Bowman","(Prefers Democratic Party)",4853,22.4,"Legislative"
"Legislative District 11 - State Representative Pos. 2","Rob Holland","(Prefers Democratic  Party)",2245,10.36,"Legislative"
"Legislative District 11 - State Representative Pos. 2","Sarah Sanoy-Wright","(Prefers Republican Party)",5451,25.16,"Legislative"
"Legislative District 12 - State Senator","Linda Evans Parlette","(Prefers Gop Party)",24683,100,"Legislative"
"Legislative District 12 - State Representative Pos. 1","Cary Condotta","(Prefers Republican Party)",17901,65.24,"Legislative"
"Legislative District 12 - State Representative Pos. 1","Stan Morse","(Prefers Republican Party)",9536,34.76,"Legislative"
"Legislative District 12 - State Representative Pos. 2","Mike Armstrong","(Prefers Republican Party)",16451,58.71,"Legislative"
"Legislative District 12 - State Representative Pos. 2","Brad Hawkins","(Prefers Republican Party)",11568,41.29,"Legislative"
"Legislative District 13 - State Representative Pos. 1","Judith (Judy) Warnick","(Prefers Republican Party)",18345,100,"Legislative"
"Legislative District 13 - State Representative Pos. 2","Kaj Selmann","(Prefers Democratic Party)",6748,30.21,"Legislative"
"Legislative District 13 - State Representative Pos. 2","Matt Manweller ","(Prefers Republican Party)",15589,69.79,"Legislative"
"Legislative District 14 - State Senator","Curtis King","(Prefers Republican Party)",17241,100,"Legislative"
"Legislative District 14 - State Representative Pos. 1","Paul Spencer","(Prefers Democratic Party)",7640,34.97,"Legislative"
"Legislative District 14 - State Representative Pos. 1","Norm Johnson","(Prefers Republican Party)",14208,65.03,"Legislative"
"Legislative District 14 - State Representative Pos. 2","Mathew K.M. Tomaskin","(Prefers Democratic Party)",7269,33.04,"Legislative"
"Legislative District 14 - State Representative Pos. 2","Charles Ross","(Prefers Republican Party)",14730,66.96,"Legislative"
"Legislative District 15 - State Representative Pos. 1","Bruce Chandler","(Prefers Republican Party)",12006,100,"Legislative"
"Legislative District 15 - State Representative Pos. 2","Pablo Gonzalez","(Prefers Democratic Party)",4276,29.97,"Legislative"
"Legislative District 15 - State Representative Pos. 2","David V. Taylor","(Prefers Republican Party)",9990,70.03,"Legislative"
"Legislative District 16 - State Senator","Scott Nettles","(Prefers Democratic Party)",6870,29.54,"Legislative"
"Legislative District 16 - State Senator","Mike Hewitt","(Prefers Republican Party)",16386,70.46,"Legislative"
"Legislative District 16 - State Representative Pos. 1","Maureen Walsh","(Prefers Republican Party)",13468,62.58,"Legislative"
"Legislative District 16 - State Representative Pos. 1","Mary Ruth Edwards","(Prefers Republican Party)",8054,37.42,"Legislative"
"Legislative District 16 - State Representative Pos. 2","Terry R. Nealey","(Prefers Republican Party)",18433,100,"Legislative"
"Legislative District 17 - State Senator","Don Benton","(Prefers Republican Party)",10902,52.13,"Legislative"
"Legislative District 17 - State Senator","Tim Probst","(Prefers Democratic Party)",10012,47.87,"Legislative"
"Legislative District 17 - State Representative Pos. 1","Julie Olson","(Prefers Republican Party)",8785,42.48,"Legislative"
"Legislative District 17 - State Representative Pos. 1","Monica Stonier","(Prefers Democratic Party)",9390,45.4,"Legislative"
"Legislative District 17 - State Representative Pos. 1","Matthew Homola","(Prefers Republican Party)",2506,12.12,"Legislative"
"Legislative District 17 - State Representative Pos. 2","Paul Harris","(Prefers Republican Party)",11749,57.19,"Legislative"
"Legislative District 17 - State Representative Pos. 2","Jim Gizzi","(Prefers Democratic Party)",8794,42.81,"Legislative"
"Legislative District 18 - State Senator","Ralph Schmidt","(Prefers Democratic Party)",8881,36.13,"Legislative"
"Legislative District 18 - State Senator","Ann Rivers","(Prefers Republican Party)",15697,63.87,"Legislative"
"Legislative District 18 - State Representative Pos. 1","Brandon Vick","(Prefers Republican Party)",11373,64.72,"Legislative"
"Legislative District 18 - State Representative Pos. 1","Adrian E. Cortes","(Prefers Republican Party)",6199,35.28,"Legislative"
"Legislative District 18 - State Representative Pos. 2","David Shehorn","(Prefers Democratic Party)",7278,30.08,"Legislative"
"Legislative District 18 - State Representative Pos. 2","Ryan Gompertz","(Prefers Democratic Party)",2082,8.6,"Legislative"
"Legislative District 18 - State Representative Pos. 2","Liz Pike","(Prefers Republican Party)",14838,61.32,"Legislative"
"Legislative District 19 - State Senator","Brian Hatfield","(Prefers Democratic Party)",16898,59.42,"Legislative"
"Legislative District 19 - State Senator","Rick Winsman","(Prefers Republican Party)",11542,40.58,"Legislative"
"Legislative District 19 - State Representative Pos. 1","Dixie Kolditz","(Prefers Republican Party)",11316,40.55,"Legislative"
"Legislative District 19 - State Representative Pos. 1","Dean Takko","(Prefers Democratic Party)",16589,59.45,"Legislative"
"Legislative District 19 - State Representative Pos. 2","Brian E. Blake","(Prefers Democratic Party)",19506,95.81,"Legislative"
"Legislative District 19 - State Representative Pos. 2","Write-In: Tim Sutinen","(Prefers Independent Party)",852,4.19,"Legislative"
"Legislative District 20 - State Senator","John E. Braun","(Prefers Republican Party)",9327,40.33,"Legislative"
"Legislative District 20 - State Senator","Dan Swecker","(Prefers Republican Party)",10861,46.97,"Legislative"
"Legislative District 20 - State Senator","Rae Lowery","(Prefers Republican Party)",2936,12.7,"Legislative"
"Legislative District 20 - State Representative Pos. 1","Richard DeBolt","(Prefers Republican Party)",20117,100,"Legislative"
"Legislative District 20 - State Representative Pos. 2","John Morgan","(Prefers Republican Party)",8553,40.4,"Legislative"
"Legislative District 20 - State Representative Pos. 2","Ed Orcutt","(Prefers Republican Party)",12616,59.6,"Legislative"
"Legislative District 21 - State Representative Pos. 1","Mary Helen Roberts","(Prefers Democratic Party)",18239,100,"Legislative"
"Legislative District 21 - State Representative Pos. 2","Marko Liias","(Prefers Democratic Party)",17378,97.84,"Legislative"
"Legislative District 21 - State Representative Pos. 2","Write-In: Kevin Morrison","(Prefers Republican Party)",383,2.16,"Legislative"
"Legislative District 22 - State Senator","Karen Fraser","(Prefers Democratic Party)",24154,100,"Legislative"
"Legislative District 22 - State Representative Pos. 1","Chris Reykdal","(Prefers Democratic Party)",23547,100,"Legislative"
"Legislative District 22 - State Representative Pos. 2","Sam Hunt","(Prefers Democratic Party)",23809,100,"Legislative"
"Legislative District 23 - State Senator","Bret A. Treadwell","(Prefers Republican Party)",11658,34.97,"Legislative"
"Legislative District 23 - State Senator","Christine Rolfes","(Prefers Democratic Party)",21678,65.03,"Legislative"
"Legislative District 23 - State Representative Pos. 1","Sherry V. Appleton","(Prefers Democratic Party)",20298,60.34,"Legislative"
"Legislative District 23 - State Representative Pos. 1","Tony Stephens","(Prefers Republican Party)",13344,39.66,"Legislative"
"Legislative District 23 - State Representative Pos. 2","Drew Hansen","(Prefers Democratic Party)",17377,52.68,"Legislative"
"Legislative District 23 - State Representative Pos. 2","James M. Olsen","(Prefers Republican Party)",13334,40.42,"Legislative"
"Legislative District 23 - State Representative Pos. 2","Henning B. Larsen","(Prefers Democratic Party)",2278,6.91,"Legislative"
"Legislative District 24 - State Senator","Larry Carter","(Prefers Independent Party)",13056,34.63,"Legislative"
"Legislative District 24 - State Senator","Jim Hargrove","(Prefers Democratic Party)",24649,65.37,"Legislative"
"Legislative District 24 - State Representative Pos. 1","Kevin Van De Wege","(Prefers Democratic Party)",26680,96.61,"Legislative"
"Legislative District 24 - State Representative Pos. 1","Write-In: Craig Durgan","(States No Party Preference)",937,3.39,"Legislative"
"Legislative District 24 - State Representative Pos. 2","Steve Gale","(Prefers Republican Party)",16399,42.56,"Legislative"
"Legislative District 24 - State Representative Pos. 2","Steve Tharinger","(Prefers Democratic Party)",22133,57.44,"Legislative"
"Legislative District 25 - State Senator","Eric Herde","(Prefers Democratic Party)",9193,36.77,"Legislative"
"Legislative District 25 - State Senator","Bruce Dammeier","(Prefers Republican Party)",15806,63.23,"Legislative"
"Legislative District 25 - State Representative Pos. 1","Dawn Morrell","(Prefers Democratic Party)",11704,46.55,"Legislative"
"Legislative District 25 - State Representative Pos. 1","Shelly Schlumpf","(Prefers Republican Party)",7940,31.58,"Legislative"
"Legislative District 25 - State Representative Pos. 1","Zac Nix","(Prefers Republican Party)",1272,5.06,"Legislative"
"Legislative District 25 - State Representative Pos. 1","Eric Hingsberger","(Prefers Democratic Party)",1073,4.27,"Legislative"
"Legislative District 25 - State Representative Pos. 1","Carole Sue Braaten","(Prefers Republican Party)",568,2.26,"Legislative"
"Legislative District 25 - State Representative Pos. 1","Michele Smith","(Prefers Republican  Party)",2588,10.29,"Legislative"
"Legislative District 25 - State Representative Pos. 2","Hans Zeiger","(Prefers Republican Party)",14484,58.08,"Legislative"
"Legislative District 25 - State Representative Pos. 2","Bill Hilton","(Prefers Democratic Party)",10455,41.92,"Legislative"
"Legislative District 26 - State Representative Pos. 1","Karin Ashabraner","(Prefers Democratic Party)",9763,29.42,"Legislative"
"Legislative District 26 - State Representative Pos. 1","Jan Angel","(Prefers Republican Party)",19152,57.72,"Legislative"
"Legislative District 26 - State Representative Pos. 1","Stephen Greer","(Prefers Democratic Party)",4265,12.85,"Legislative"
"Legislative District 26 - State Representative Pos. 2","Doug Richards","(Prefers Republican Party)",15408,46.63,"Legislative"
"Legislative District 26 - State Representative Pos. 2","Larry Seaquist","(Prefers Democratic Party)",17638,53.37,"Legislative"
"Legislative District 27 - State Senator","John R. (Jack) Connelly","(Prefers Democratic Party)",9785,41.6,"Legislative"
"Legislative District 27 - State Senator","Jeannie Darneille","(Prefers Democratic Party)",13738,58.4,"Legislative"
"Legislative District 27 - State Representative Pos. 1","Steven T. Cook","(Prefers Republican Party)",6285,25.95,"Legislative"
"Legislative District 27 - State Representative Pos. 1","Laurie Jinkins","(Prefers Democratic Party)",17937,74.05,"Legislative"
"Legislative District 27 - State Representative Pos. 2","Lauren Walker","(Prefers Democratic Party)",10639,46.83,"Legislative"
"Legislative District 27 - State Representative Pos. 2","Jake Fey","(Prefers Democratic Party)",12078,53.17,"Legislative"
"Legislative District 28 - State Senator","Yoshie Wong","(Prefers Democratic Party)",10838,39.56,"Legislative"
"Legislative District 28 - State Senator","Mike Carrell","(Prefers G.O.P. Party)",16559,60.44,"Legislative"
"Legislative District 28 - State Representative Pos. 1","Eric Choiniere","(Prefers Democratic Party)",11391,42.84,"Legislative"
"Legislative District 28 - State Representative Pos. 1","Steve O'Ban","(Prefers Republican Party)",12375,46.54,"Legislative"
"Legislative District 28 - State Representative Pos. 1","Ken Campbell","(Prefers Republican Party)",2826,10.63,"Legislative"
"Legislative District 28 - State Representative Pos. 2","Tami Green","(Prefers Democratic Party)",14110,51.26,"Legislative"
"Legislative District 28 - State Representative Pos. 2","Paul Wagemann","(Prefers Republican Party)",10239,37.2,"Legislative"
"Legislative District 28 - State Representative Pos. 2","Malcolm Russell","(Prefers Republican Party)",3175,11.54,"Legislative"
"Legislative District 29 - State Representative Pos. 1","David Sawyer","(Prefers Democratic Party)",6404,38.66,"Legislative"
"Legislative District 29 - State Representative Pos. 1","Terry Harder","(Prefers Republican Party)",6101,36.84,"Legislative"
"Legislative District 29 - State Representative Pos. 1","Ben Lawver","(Prefers Democratic Party)",4058,24.5,"Legislative"
"Legislative District 29 - State Representative Pos. 2","Steve Kirby","(Prefers Democratic Party)",12840,100,"Legislative"
"Legislative District 30 - State Representative Pos. 1","Linda Kochmar","(Prefers Republican Party)",5492,26.41,"Legislative"
"Legislative District 30 - State Representative Pos. 1","Jerry Galland","(Prefers Republican Party)",1625,7.81,"Legislative"
"Legislative District 30 - State Representative Pos. 1","Thom Macfarlane","(Prefers Democratic Party)",4070,19.57,"Legislative"
"Legislative District 30 - State Representative Pos. 1","Roger Flygare","(Prefers Democratic Party)",5360,25.78,"Legislative"
"Legislative District 30 - State Representative Pos. 1","Tony Moore","(Prefers Republican Party)",4248,20.43,"Legislative"
"Legislative District 30 - State Representative Pos. 2","Katrina Asay","(Prefers Republican Party)",9965,48.54,"Legislative"
"Legislative District 30 - State Representative Pos. 2","Rick Hoffman","(Prefers Democratic Party)",3842,18.72,"Legislative"
"Legislative District 30 - State Representative Pos. 2","Roger Freeman","(Prefers Democratic Party)",6721,32.74,"Legislative"
"Legislative District 31 - State Representative Pos. 1","Brian L. Gunn","(Prefers Democratic Party)",9112,36.04,"Legislative"
"Legislative District 31 - State Representative Pos. 1","Cathy Dahlquist","(Prefers Republican Party)",16169,63.96,"Legislative"
"Legislative District 31 - State Representative Pos. 2","Lisa Connors","(Prefers Republican Party)",10699,43.17,"Legislative"
"Legislative District 31 - State Representative Pos. 2","Christopher Hurst","(Prefers Independent Dem. Party)",14082,56.83,"Legislative"
"Legislative District 32 - State Representative Pos. 1","Randy J. Hayden","(Prefers Republican Party)",8693,30.04,"Legislative"
"Legislative District 32 - State Representative Pos. 1","Cindy Ryu","(Prefers Democratic Party)",20249,69.96,"Legislative"
"Legislative District 32 - State Representative Pos. 2","Robert Reedy","(Prefers Republican Party)",5865,20.14,"Legislative"
"Legislative District 32 - State Representative Pos. 2","Ruth Kagi","(Prefers Democratic Party)",20346,69.87,"Legislative"
"Legislative District 32 - State Representative Pos. 2","Eric R. Alvey","(Prefers Gop Party)",2908,9.99,"Legislative"
"Legislative District 33 - State Representative Pos. 1","Will Benge","(Prefers Republican Party)",5952,29.73,"Legislative"
"Legislative District 33 - State Representative Pos. 1","Tina Orwall","(Prefers Democratic Party)",14070,70.27,"Legislative"
"Legislative District 33 - State Representative Pos. 2","Dave Upthegrove","(Prefers Democratic Party)",15549,98.97,"Legislative"
"Legislative District 33 - State Representative Pos. 2","Write-In: Martin Metz","(Prefers Republican Party)",162,1.03,"Legislative"
"Legislative District 34 - State Representative Pos. 1","William Giammarese","(Prefers Democratic Party)",4492,16.2,"Legislative"
"Legislative District 34 - State Representative Pos. 1","Eileen L. Cody","(Prefers Democratic Party)",23237,83.8,"Legislative"
"Legislative District 34 - State Representative Pos. 2","Joe Fitzgibbon","(Prefers Democratic Party)",24247,100,"Legislative"
"Legislative District 35 - State Representative Pos. 1","Kathy Haigh","(Prefers Democratic Party)",17653,52.46,"Legislative"
"Legislative District 35 - State Representative Pos. 1","Dan Griffey","(Prefers Republican Party)",15999,47.54,"Legislative"
"Legislative District 35 - State Representative Pos. 2","Lynda Ring-Erickson","(Prefers Democratic Party)",9265,27.95,"Legislative"
"Legislative District 35 - State Representative Pos. 2","Drew C. MacEwen","(Prefers Republican Party)",14088,42.5,"Legislative"
"Legislative District 35 - State Representative Pos. 2","Jeff Davis","(Prefers Democratic Party)",7788,23.49,"Legislative"
"Legislative District 35 - State Representative Pos. 2","Glenn H. Gaither","(Prefers Independent Party)",2009,6.06,"Legislative"
"Legislative District 36 - State Representative Pos. 1","Reuven Carlyle","(Prefers Democratic Party)",31623,88.02,"Legislative"
"Legislative District 36 - State Representative Pos. 1","Robert Canamar","(States No Party Preference)",1522,4.24,"Legislative"
"Legislative District 36 - State Representative Pos. 1","Leslie Klein","(Prefers (R) Hope&change Party)",2782,7.74,"Legislative"
"Legislative District 36 - State Representative Pos. 2","Gael Tarleton","(Prefers Democratic Party)",10130,28.28,"Legislative"
"Legislative District 36 - State Representative Pos. 2","Sahar Fathi","(Prefers Democratic Party)",4665,13.02,"Legislative"
"Legislative District 36 - State Representative Pos. 2","Ryan Gabriel","(Prefers Republican Party)",4757,13.28,"Legislative"
"Legislative District 36 - State Representative Pos. 2","Evan Clifthorne","(Prefers Democratic Party)",2113,5.9,"Legislative"
"Legislative District 36 - State Representative Pos. 2","Linde Knighton","(Prefers Progressive Party)",679,1.9,"Legislative"
"Legislative District 36 - State Representative Pos. 2","Brett Phillips","(Prefers Democratic Party)",5034,14.05,"Legislative"
"Legislative District 36 - State Representative Pos. 2","Noel Christina Frame","(Prefers Democratic Party)",8440,23.56,"Legislative"
"Legislative District 37 - State Representative Pos. 1","Sharon Tomiko Santos","(Prefers Democratic Party)",21855,100,"Legislative"
"Legislative District 37 - State Representative Pos. 2","Tamra Smilanich","(Prefers Non-partisan Party)",3223,13,"Legislative"
"Legislative District 37 - State Representative Pos. 2","Eric Pettigrew","(Prefers Democratic Party)",21569,87,"Legislative"
"Legislative District 38 - State Representative Pos. 1","Sam Wilson","(Prefers Republican Party)",9075,41.36,"Legislative"
"Legislative District 38 - State Representative Pos. 1","John McCoy","(Prefers Democratic Party)",12865,58.64,"Legislative"
"Legislative District 38 - State Representative Pos. 2","Mike Sells","(Prefers Democratic Party)",13156,60.85,"Legislative"
"Legislative District 38 - State Representative Pos. 2","Michael Casey","(Prefers Gop Party)",8463,39.15,"Legislative"
"Legislative District 39 - State Senator","Scott Olson","(Prefers Democratic Party)",11589,42.79,"Legislative"
"Legislative District 39 - State Senator","Kirk Pearson","(Prefers Republican Party)",15494,57.21,"Legislative"
"Legislative District 39 - State Representative Pos. 1","Linda Wright","(Prefers Democrat Party)",11944,44.47,"Legislative"
"Legislative District 39 - State Representative Pos. 1","Dan Kristiansen","(Prefers Republican Party)",14916,55.53,"Legislative"
"Legislative District 39 - State Representative Pos. 2","Robert G. Zimmerman","(Prefers Republican Party)",5943,22.46,"Legislative"
"Legislative District 39 - State Representative Pos. 2","Elizabeth Scott","(Prefers Republican Party)",6830,25.81,"Legislative"
"Legislative District 39 - State Representative Pos. 2","Robert Pilgrim","(Prefers Republican Party)",1793,6.77,"Legislative"
"Legislative District 39 - State Representative Pos. 2","Gregory Dean Lemke","(Prefers Republican Party)",677,2.56,"Legislative"
"Legislative District 39 - State Representative Pos. 2","Jocelynne (Josie) Fallgatter","(Prefers Democratic Party)",3492,13.19,"Legislative"
"Legislative District 39 - State Representative Pos. 2","Eleanor Walters","(Prefers Democratic Party)",7730,29.21,"Legislative"
"Legislative District 40 - State Senator","John Swapp","(Prefers Independent-Gop Party)",10791,34.43,"Legislative"
"Legislative District 40 - State Senator","Kevin Ranker","(Prefers Democratic Party)",18684,59.62,"Legislative"
"Legislative District 40 - State Senator","Jim Cozad","(States No Party Preference)",1864,5.95,"Legislative"
"Legislative District 40 - State Representative Pos. 1","Kristine Lytton","(Prefers Democratic Party)",21777,96.8,"Legislative"
"Legislative District 40 - State Representative Pos. 1","Write-In: Brandon Robinson","(States No Party Preference)",721,3.2,"Legislative"
"Legislative District 40 - State Representative Pos. 2","Howard A. Pellett","(Prefers Green Party)",5568,21.54,"Legislative"
"Legislative District 40 - State Representative Pos. 2","Jeff Morris","(Prefers Democratic Party)",20283,78.46,"Legislative"
"Legislative District 41 - State Senator","Maureen Judge","(Prefers Democratic Party)",13874,43.75,"Legislative"
"Legislative District 41 - State Senator","Steve Litzow","(Prefers Republican Party)",17840,56.25,"Legislative"
"Legislative District 41 - State Representative Pos. 1","Tim Eaves","(Prefers Republican Party)",13243,41.92,"Legislative"
"Legislative District 41 - State Representative Pos. 1","Marcie Maxwell","(Prefers Democratic Party)",18349,58.08,"Legislative"
"Legislative District 41 - State Representative Pos. 2","Judy Clibborn","(Prefers Democratic Party)",22326,100,"Legislative"
"Legislative District 42 - State Representative Pos. 1","Natalie McClendon","(Prefers Democratic Party)",13724,44.17,"Legislative"
"Legislative District 42 - State Representative Pos. 1","Jason Overstreet","(Prefers    Republican Party)",17348,55.83,"Legislative"
"Legislative District 42 - State Representative Pos. 2","Matthew Krogh","(Prefers Democrat Party)",13721,44.27,"Legislative"
"Legislative District 42 - State Representative Pos. 2","Vincent Buys","(Prefers Republican Party)",17274,55.73,"Legislative"
"Legislative District 43 - State Representative Pos. 1","Kshama Sawant","(Prefers Socialist Altern Party)",2854,9.13,"Legislative"
"Legislative District 43 - State Representative Pos. 1","Jamie Pedersen","(Prefers Democratic Party)",28405,90.87,"Legislative"
"Legislative District 43 - State Representative Pos. 2","Frank Chopp","(Prefers Democratic Party)",24287,79.69,"Legislative"
"Legislative District 43 - State Representative Pos. 2","Gregory Gadow","(States No Party Preference)",2585,8.48,"Legislative"
"Legislative District 43 - State Representative Pos. 2","Write-In: Kshama Sawant","(Prefers Socialist Altern Party)",3605,11.83,"Legislative"
"Legislative District 44 - State Representative Pos. 1","Hans Dunshee","(Prefers Democratic Party)",14199,52.06,"Legislative"
"Legislative District 44 - State Representative Pos. 1","Mark Harmsworth","(Prefers Republican Party)",8442,30.95,"Legislative"
"Legislative District 44 - State Representative Pos. 1","B.J. Guillot","(Prefers Republican Party)",1027,3.77,"Legislative"
"Legislative District 44 - State Representative Pos. 1","Robert (Bob) McCaughan","(Prefers Republican Party)",3605,13.22,"Legislative"
"Legislative District 44 - State Representative Pos. 2","Mike Hope","(Prefers Republican Party)",15930,58.17,"Legislative"
"Legislative District 44 - State Representative Pos. 2","Mary McNaughton","(Prefers Democratic Party)",11455,41.83,"Legislative"
"Legislative District 45 - State Representative Pos. 1","Roger Goodman","(Prefers Democratic Party)",14174,48.95,"Legislative"
"Legislative District 45 - State Representative Pos. 1","Jacob Bond","(Prefers Democratic Party)",1895,6.54,"Legislative"
"Legislative District 45 - State Representative Pos. 1","Joel Hussey","(Prefers Republican Party)",12885,44.5,"Legislative"
"Legislative District 45 - State Representative Pos. 2","Jim Thatcher","(Prefers Republican Party)",12773,43.92,"Legislative"
"Legislative District 45 - State Representative Pos. 2","Larry Springer","(Prefers Democratic Party)",16309,56.08,"Legislative"
"Legislative District 46 - State Senator","David Frockt","(Prefers Democratic Party)",28144,100,"Legislative"
"Legislative District 46 - State Representative Pos. 1","Sylvester Cann","(Prefers Democratic Party)",12876,40.29,"Legislative"
"Legislative District 46 - State Representative Pos. 1","Gerry Pollet","(Prefers Democratic Party)",19081,59.71,"Legislative"
"Legislative District 46 - State Representative Pos. 2","Jessyn Farrell","(Prefers Democratic  Party)",10560,29.97,"Legislative"
"Legislative District 46 - State Representative Pos. 2","Dusty Hoerler","(Prefers Democratic Party)",4350,12.35,"Legislative"
"Legislative District 46 - State Representative Pos. 2","Scott M. Hodges","(Prefers Republican Party)",6271,17.8,"Legislative"
"Legislative District 46 - State Representative Pos. 2","Shelly Crocker","(Prefers Democratic  Party)",5571,15.81,"Legislative"
"Legislative District 46 - State Representative Pos. 2","Sarajane Siegfriedt","(Prefers Democratic Party)",7823,22.2,"Legislative"
"Legislative District 46 - State Representative Pos. 2","Stan Lippmann","(Prefers Democratic-Repub Party)",656,1.86,"Legislative"
"Legislative District 47 - State Representative Pos. 1","Bud Sizemore","(Prefers Democratic  Party)",10453,46.06,"Legislative"
"Legislative District 47 - State Representative Pos. 1","Mark Hargrove ","(Prefers Republican Party)",12242,53.94,"Legislative"
"Legislative District 47 - State Representative Pos. 2","Pat Sullivan","(Prefers Democratic Party)",13090,58.23,"Legislative"
"Legislative District 47 - State Representative Pos. 2","Andy Massagli","(Prefers Republican Party)",9391,41.77,"Legislative"
"Legislative District 48 - State Representative Pos. 1","Ross Hunter","(Prefers Democratic Party)",18225,69.01,"Legislative"
"Legislative District 48 - State Representative Pos. 1","Bill Hirt","(Prefers Republican Party)",8183,30.99,"Legislative"
"Legislative District 48 - State Representative Pos. 2","Hank Myers","(Prefers Republican Party)",11395,43.44,"Legislative"
"Legislative District 48 - State Representative Pos. 2","Cyrus Habib","(Prefers Democratic Party)",14838,56.56,"Legislative"
"Legislative District 49 - State Senator","Eileen Qutub","(Prefers G.O.P. Party)",8942,43.54,"Legislative"
"Legislative District 49 - State Senator","Annette Cleveland","(Prefers Democratic Party)",11595,56.46,"Legislative"
"Legislative District 49 - State Representative Pos. 1","Sharon Wylie","(Prefers Democratic Party)",11905,57,"Legislative"
"Legislative District 49 - State Representative Pos. 1","Debbie Peterson","(Prefers Republican Party)",8980,43,"Legislative"
"Legislative District 49 - State Representative Pos. 2","Carolyn Crain","(Prefers Republican Party)",8998,43.09,"Legislative"
"Legislative District 49 - State Representative Pos. 2","Jim Moeller","(Prefers Democratic Party)",11883,56.91,"Legislative"
"Supreme Court - Justice Position 2","Douglas W. McQuaid","",266106,23.84,"Judicial"
"Supreme Court - Justice Position 2","Susan Owens","",707717,63.4,"Judicial"
"Supreme Court - Justice Position 2","Scott Stafne","",142507,12.77,"Judicial"
"Supreme Court - Justice Position 8","Bruce O. Danielson","",438867,39.79,"Judicial"
"Supreme Court - Justice Position 8","Steve Gonzalez","",664103,60.21,"Judicial"
"Supreme Court - Justice Position 9","Bruce Hilyer","",311944,27.48,"Judicial"
"Supreme Court - Justice Position 9","Sheryl Gordon McCloud","",328345,28.93,"Judicial"
"Supreme Court - Justice Position 9","Richard B. Sanders","",323410,28.49,"Judicial"
"Supreme Court - Justice Position 9","John W. Ladenburg","",171429,15.1,"Judicial"
"Court of Appeals, Division 1, District 1 - Judge Position 4","Ronald E. Cox","",253810,100,"Judicial"
"Court of Appeals, Division 1, District 1 - Judge Position 7","Marlin Appelwick","",247549,100,"Judicial"
"Court of Appeals, Division 1, District 3 - Judge Position 1","Mary Kay Becker","",62896,100,"Judicial"
"Court of Appeals, Division 2, District 1 - Judge Position 3","Christine Quinn-Brintnall","",106003,100,"Judicial"
"Court of Appeals, Division 2, District 2 - Judge Position 2","Thomas Bjorgen","",26062,18.21,"Judicial"
"Court of Appeals, Division 2, District 2 - Judge Position 2","Pamela (Pam) Loginsky","",38293,26.76,"Judicial"
"Court of Appeals, Division 2, District 2 - Judge Position 2","Thomas (Tom) E. Weaver, Jr.","",15133,10.57,"Judicial"
"Court of Appeals, Division 2, District 2 - Judge Position 2","Michael Lynch","",20147,14.08,"Judicial"
"Court of Appeals, Division 2, District 2 - Judge Position 2","Brendan Williams","",23706,16.57,"Judicial"
"Court of Appeals, Division 2, District 2 - Judge Position 2","Jim Foley","",19761,13.81,"Judicial"
"Court of Appeals, Division 2, District 3 - Judge Position 1","Joel Penoyar","",72198,100,"Judicial"
"Court of Appeals, Division 3, District 1 - Judge Position 1","Laurel Siddoway","",77767,100,"Judicial"
"Court of Appeals, Division 3, District 3 - Judge Position 2","Devin Poulson","",21630,41.33,"Judicial"
"Court of Appeals, Division 3, District 3 - Judge Position 2","Teresa C. Kulik","",30704,58.67,"Judicial"
"Adams Superior Court  - Judge Position 1","Randy J. Flyckt","",1212,44.07,"Judicial"
"Adams Superior Court  - Judge Position 1","Brian H. Miller","",1538,55.93,"Judicial"
"Asotin, Columbia, Garfield Superior Court - Judge Position 1","William D. (Bill) Acey","",5920,100,"Judicial"
"Chelan Superior Court - Judge Position 1","Lesley A. Allan","",12316,100,"Judicial"
"Chelan Superior Court - Judge Position 2","T.W 'Chip' Small","",12985,100,"Judicial"
"Chelan Superior Court - Judge Position 3","Charles R. Steinberg","",3492,20.22,"Judicial"
"Chelan Superior Court - Judge Position 3","Travis Brandt","",4692,27.17,"Judicial"
"Chelan Superior Court - Judge Position 3","Ruth Esparza","",2320,13.43,"Judicial"
"Chelan Superior Court - Judge Position 3","Alicia H. Nakata","",6768,39.18,"Judicial"
"Clallam Superior Court - Judge Position 1","William Payne","",3763,21.23,"Judicial"
"Clallam Superior Court - Judge Position 1","Christopher Melly","",4192,23.65,"Judicial"
"Clallam Superior Court - Judge Position 1","Erik Rohrer","",6445,36.36,"Judicial"
"Clallam Superior Court - Judge Position 1","Curtis G. Johnson","",3325,18.76,"Judicial"
"Clallam Superior Court - Judge Position 2","George L. Wood","",14031,100,"Judicial"
"Clallam Superior Court - Judge Position 3","S. Brooke Taylor","",13601,100,"Judicial"
"Clark Superior Court - Judge Position 2","John P. Wulle","",27252,46.15,"Judicial"
"Clark Superior Court - Judge Position 2","David E. Gregerson","",31802,53.85,"Judicial"
"Clark Superior Court - Judge Position 8","Josephine(Josie) Townsend","",20969,36.92,"Judicial"
"Clark Superior Court - Judge Position 8","Diane M. Woolard","",35832,63.08,"Judicial"
"Cowlitz Superior Court - Judge Position 4","Joseph Daggy","",7001,39.61,"Judicial"
"Cowlitz Superior Court - Judge Position 4","Marilyn Haan","",10672,60.39,"Judicial"
"Douglas Superior Court  - Judge Position 1","John Hotchkiss","",5556,100,"Judicial"
"Ferry, Pend Oreille, Stevens Superior Court - Judge Position 1","Patrick A. Monasmith","",10400,100,"Judicial"
"Ferry, Pend Oreille, Stevens Superior Court - Judge Position 2","Allen Nielson","",10244,100,"Judicial"
"Grant Superior Court - Judge Position 1","Evan E Sperline","",9396,100,"Judicial"
"Grant Superior Court - Judge Position 2","John Knodell","",8908,100,"Judicial"
"Grant Superior Court - Judge Position 3","John Antosz","",8631,100,"Judicial"
"Grays Harbor Superior Court - Judge Position 1","Gordon L. Godfrey","",10612,100,"Judicial"
"Grays Harbor Superior Court - Judge Position 2","Dave Edwards","",10542,100,"Judicial"
"Grays Harbor Superior Court - Judge Position 3","Mark McCauley","",10597,100,"Judicial"
"Island Superior Court - Judge Position 1","Alan R. Hancock","",17136,100,"Judicial"
"Island Superior Court - Judge Position 2","Vickie I. Churchill","",16620,100,"Judicial"
"Jefferson Superior Court - Judge Position 1","Peggy Ann Bierbaum","",3792,33.42,"Judicial"
"Jefferson Superior Court - Judge Position 1","Keith C Harper","",5439,47.93,"Judicial"
"Jefferson Superior Court - Judge Position 1","Michael Haas","",2117,18.66,"Judicial"
"King Superior Court - Judge Position 25","Elizabeth Berns","",171720,51.39,"Judicial"
"King Superior Court - Judge Position 25","Roger Davidheiser","",108968,32.61,"Judicial"
"King Superior Court - Judge Position 25","Eric Schmidt","",53476,16,"Judicial"
"King Superior Court - Judge Position 29","Hong Tran","",77246,23.11,"Judicial"
"King Superior Court - Judge Position 29","Sean O'Donnell","",257024,76.89,"Judicial"
"King Superior Court - Judge Position 30","Kimberly Allen","",130053,39.59,"Judicial"
"King Superior Court - Judge Position 30","Doug North","",198419,60.41,"Judicial"
"King Superior Court - Judge Position 42","Sue Parisien","",152763,46.7,"Judicial"
"King Superior Court - Judge Position 42","Marianne Jones","",67453,20.62,"Judicial"
"King Superior Court - Judge Position 42","David Ruzumna","",24606,7.52,"Judicial"
"King Superior Court - Judge Position 42","Christopher A. Washington","",82325,25.16,"Judicial"
"King Superior Court - Judge Position 46","Judy Ramseyer","",203728,62.73,"Judicial"
"King Superior Court - Judge Position 46","Gary Ernsdorff","",121064,37.27,"Judicial"
"Kitsap Superior Court - Judge Position 7","Jennifer Forbes","",25248,49.27,"Judicial"
"Kitsap Superior Court - Judge Position 7","Rob MacDermid","",8647,16.87,"Judicial"
"Kitsap Superior Court - Judge Position 7","Bill Houser","",7271,14.19,"Judicial"
"Kitsap Superior Court - Judge Position 7","Karen Klein","",10081,19.67,"Judicial"
"Kittitas Superior Court - Judge Position 1","Paul Sander","",2114,25.4,"Judicial"
"Kittitas Superior Court - Judge Position 1","Jim Denison","",2414,29.01,"Judicial"
"Kittitas Superior Court - Judge Position 1","Fran Chmelewski","",3794,45.59,"Judicial"
"Kittitas Superior Court - Judge Position 2","Scott R. Sparks","",6357,100,"Judicial"
"Klickitat, Skamania Superior Court - Judge Position 1","Brian Altman","",4056,100,"Judicial"
"Lewis Superior Court - Judge Position 1","Nelson E. Hunt","",10915,100,"Judicial"
"Lewis Superior Court - Judge Position 2","James W. Lawler","",11037,100,"Judicial"
"Lewis Superior Court - Judge Position 3","Richard L. Brosey","",11117,100,"Judicial"
"Lincoln Superior Court - Judge Position 1","John F. Strohmaier","",2434,100,"Judicial"
"Mason Superior Court - Judge Position 1","Amber L Finlay","",11147,100,"Judicial"
"Mason Superior Court - Judge Position 2","Toni A. Sheldon","",10915,100,"Judicial"
"Okanogan Superior Court - Judge Position 1","Karl F. Sloan","",3239,39.58,"Judicial"
"Okanogan Superior Court - Judge Position 1","Henry (Hank) Rawson","",4945,60.42,"Judicial"
"Okanogan Superior Court - Judge Position 2","Chris Culp","",6283,100,"Judicial"
"Pacific, Wahkiakum Superior Court - Judge Position 1","Mike Sullivan","",5928,98.73,"Judicial"
"Pacific, Wahkiakum Superior Court - Judge Position 1","Write-In: Dennis Gordon","",76,1.27,"Judicial"
"Pierce Superior Court - Judge Position 5","John (Jack) H. Hill","",49493,38.99,"Judicial"
"Pierce Superior Court - Judge Position 5","Vicki L. Hogan","",77455,61.01,"Judicial"
"Pierce Superior Court - Judge Position 7","Bev Grant","",51485,40.37,"Judicial"
"Pierce Superior Court - Judge Position 7","Jerry Costello","",76049,59.63,"Judicial"
"Pierce Superior Court - Judge Position 12","Antoni H. Froehling","",33890,27.17,"Judicial"
"Pierce Superior Court - Judge Position 12","Stephanie Arend","",90857,72.83,"Judicial"
"Pierce Superior Court - Judge Position 13","James A. Schoenberger, Jr.","",34695,27.81,"Judicial"
"Pierce Superior Court - Judge Position 13","Kathryn Nelson","",90061,72.19,"Judicial"
"Pierce Superior Court - Judge Position 18","G. Helen Whitener","",52277,43.02,"Judicial"
"Pierce Superior Court - Judge Position 18","Stan Rumbaugh","",69228,56.98,"Judicial"
"San Juan Superior Court - Judge Position 1","Donald E. Eaton","",3859,100,"Judicial"
"Snohomish Superior Court - Judge Position 11","Jack Follis","",57214,48.4,"Judicial"
"Snohomish Superior Court - Judge Position 11","Millie Judge","",61000,51.6,"Judicial"
"Thurston Superior Court - Judge Position 2","Victor M. Minjares","",5801,11.9,"Judicial"
"Thurston Superior Court - Judge Position 2","Jim Johnson","",10748,22.04,"Judicial"
"Thurston Superior Court - Judge Position 2","Christine Schaller","",23681,48.56,"Judicial"
"Thurston Superior Court - Judge Position 2","Marie Clarke","",8532,17.5,"Judicial"
"Thurston Superior Court - Judge Position 4","Indu Thomas","",16822,34.19,"Judicial"
"Thurston Superior Court - Judge Position 4","Allen T. Miller","",15401,31.3,"Judicial"
"Thurston Superior Court - Judge Position 4","Erik D. Price","",16984,34.52,"Judicial"
"Walla Walla  Superior Court - Judge Position 1","John W. Lohrmann","",9979,100,"Judicial"
"Walla Walla  Superior Court - Judge Position 2","Richard G. Wernette","",5573,44.63,"Judicial"
"Walla Walla  Superior Court - Judge Position 2","Scott Wolfram","",6913,55.37,"Judicial"
"Whatcom Superior Court - Judge Position 2","Dave Grant","",16963,41.1,"Judicial"
"Whatcom Superior Court - Judge Position 2","Deborra Garrett","",16814,40.74,"Judicial"
"Whatcom Superior Court - Judge Position 2","Carrie M. Coppinger Carter","",7499,18.17,"Judicial"
"Whitman Superior Court - Judge Position 1","David Frazier","",5856,100,"Judicial"
